Workbook

Sheet Dataset
A1: Kode | B1: Kriteria | C1: Jenis | E1: Alternatif | F1: C1 | G1: C2 | H1: C3 | I1: C4 | J1: C5 | L1: 1 = sangat buruk / sangat mahal
A2: C1 | B2: Kualitas suara | C2: Benefit | E2: Kendang | F2: 5 | G2: 5 | H2: 4 | I2: 4 | J2: 3 | L2: 5 = sangat baik / sangat murah (untuk harga)
A3: C2 | B3: Kesesuaian dengan pertunjukan | C3: Benefit | E3: Gong Ageng | F3: 5 | G3: 5 | H3: 5 | I3: 3 | J3: 2
A4: C3 | B4: Daya tahan alat | C4: Benefit | E4: Gong Suwukan | F4: 4 | G4: 4 | H4: 4 | I4: 3 | J4: 3
A5: C4 | B5: Kemudahan perawatan | C5: Benefit | E5: Saron | F5: 4 | G5: 4 | H5: 4 | I5: 5 | J5: 4
A6: C5 | B6: Harga alat | C6: Cost | E6: Saron Demung | F6: 4 | G6: 4 | H6: 5 | I6: 4 | J6: 3
E7: Saron Peking | F7: 4 | G7: 4 | H7: 4 | I7: 4 | J7: 4
A8: Kode | B8: Alternatif | E8: Bonang Barung | F8: 4 | G8: 5 | H8: 4 | I8: 4 | J8: 3
A9: A1 | B9: Kendang | E9: Bonang Panerus | F9: 4 | G9: 5 | H9: 4 | I9: 3 | J9: 3
A10: A2 | B10: Gong Ageng | E10: Kenong | F10: 4 | G10: 4 | H10: 5 | I10: 4 | J10: 3
A11: A3 | B11: Gong Suwukan | E11: Kethuk | F11: 3 | G11: 3 | H11: 5 | I11: 5 | J11: 4
A12: A4 | B12: Saron | E12: Kempul | F12: 4 | G12: 4 | H12: 4 | I12: 3 | J12: 3
A13: A5 | B13: Saron Demung | E13: Gender | F13: 5 | G13: 4 | H13: 3 | I13: 3 | J13: 3
A14: A6 | B14: Saron Peking | E14: Slenthem | F14: 4 | G14: 4 | H14: 4 | I14: 4 | J14: 4
A15: A7 | B15: Bonang Barung | E15: Gambang | F15: 4 | G15: 3 | H15: 3 | I15: 3 | J15: 4
A16: A8 | B16: Bonang Panerus | E16: Rebab | F16: 4 | G16: 4 | H16: 3 | I16: 3 | J16: 4
A17: A9 | B17: Kenong | E17: Siter | F17: 4 | G17: 3 | H17: 3 | I17: 3 | J17: 4
A18: A10 | B18: Kethuk | E18: Celempung | F18: 4 | G18: 3 | H18: 3 | I18: 3 | J18: 4
A19: A11 | B19: Kempul | E19: Seruling Bambu | F19: 4 | G19: 4 | H19: 3 | I19: 4 | J19: 5
... A21: A13 | B21: Slenthem | E21: Kecrek | F21: 3 | G21: 4 | H21: 5 | I21: 5 | J21: 5
A22: A14 | B22: Gambang
A23: A15 | B23: Rebab
A24: A16 | B24: Siter
A25: A17 | B25: Celempung
A26: A18 | B26: Seruling Bambu
A27: A19 | B27: Bedug
A28: A20 | B28: Kecrek

Sheet Topsis
A1: Alternatif | B1: C1 | C1: C2 | D1: C3 | E1: C4 | F1: C5 | H1: Normalisasi | I1: C1 | J1: C2 | K1: C3 | L1: C4 | M1: C5 | N1: NORMALISASI BERBOBOT | O1: C1 | P1: C2 | Q1: C3 | R1: C4 | S1: C5 | U1: Jarak soulusi ideal | V1: Alternatif | W1: + | X1: - | AA1: nilai | AC1: Rank | AD1: Nilai Preferensi | AE1: Keterangan
A2: Kendang | B2: 5 | C2: 5 | D2: 4 | E2: 4 | F2: 3 | I2: =B2 / SQRT(SUMSQ($B$2:$B$21)) -> 0.27399831 | J2: =C2 / SQRT(SUMSQ($C$2:$C$21)) -> 0.27607882 | K2: =D2 / SQRT(SUMSQ($D$2:$D$21)) -> 0.21952852 | L2: =E2 / SQRT(SUMSQ($E$2:$E$21)) -> 0.23735633 | M2: =F2 / SQRT(SUMSQ($F$2:$F$21)) -> 0.18498792 | O2: =I2 *AHP!$G$2 -> 0.13777169 | P2: =J2 *AHP!$G$3 -> 0.071844428 | Q2: =K2 *AHP!$G$4 -> 0.029493753 | R2: =L2 *AHP!$G$5 -> 0.016087458 | S2: =M2 *AHP!$G$6 -> 0.0064414292 | V2: Kendang | W2: =SQRT( (O2-$P$24)^2 + (P2-$P$25)^2 + (Q2-$P$26)^2 + (R2-$P$27)^2 + (S2-$P$28)^2 ) -> 0.0086690952 | X2: =SQRT( (O2-$Q$24)^2 + (P2-$Q$25)^2 + (Q2-$Q$26)^2 + (R2-$Q$27)^2 + (S2-$Q$28)^2 ) -> 0.062863421 | AA2: =X2/(W2+X2) -> 0.87880903 | AC2: =RANK(AA2,$AA$2:$AA$21) -> 2 | AD2: =AA2 -> 0.87880903 | AE2: =IF(AD2>0.7,"Sangat Baik",IF(AD2>=0.4,"Baik","Terburuk")) -> Sangat Baik
A3: Gong Ageng | B3: 5 | C3: 5 | D3: 5 | E3: 3 | F3: 2 | I3: =B3 / SQRT(SUMSQ($B$2:$B$21)) -> 0.27399831 | J3: =C3 / SQRT(SUMSQ($C$2:$C$21)) -> 0.27607882 | K3: =D3 / SQRT(SUMSQ($D$2:$D$21)) -> 0.27441065 | L3: =E3 / SQRT(SUMSQ($E$2:$E$21)) -> 0.17801725 | M3: =F3 / SQRT(SUMSQ($F$2:$F$21)) -> 0.12332528 | O3: =I3 *AHP!$G$2 -> 0.13777169 | P3: =J3 *AHP!$G$3 -> 0.071844428 | Q3: =K3 *AHP!$G$4 -> 0.036867192 | R3: =L3 *AHP!$G$5 -> 0.012065594 | S3: =M3 *AHP!$G$6 -> 0.0042942861 | V3: Gong Ageng | W3: =SQRT( (O3-$P$24)^2 + (P3-$P$25)^2 + (Q3-$P$26)^2 + (R3-$P$27)^2 + (S3-$P$28)^2 ) -> 0.0080437292 | X3: =SQRT( (O3-$Q$24)^2 + (P3-$Q$25)^2 + (Q3-$Q$26)^2 + (R3-$Q$27)^2 + (S3-$Q$28)^2 ) -> 0.064201154 | AA3: =X3/(W3+X3) -> 0.88866022 | AC3: =RANK(AA3,$AA$2:$AA$21) -> 1 | AD3: =AA3 -> 0.88866022 | AE3: =IF(AD3>0.7,"Sangat Baik",IF(AD3>=0.4,"Baik","Terburuk")) -> Sangat Baik
A4: Gong Suwukan | B4: 4 | C4: 4 | D4: 4 | E4: 3 | F4: 3 | I4: =B4 / SQRT(SUMSQ($B$2:$B$21)) -> 0.21919865 | J4: =C4 / SQRT(SUMSQ($C$2:$C$21)) -> 0.22086305 | K4: =D4 / SQRT(SUMSQ($D$2:$D$21)) -> 0.21952852 | L4: =E4 / SQRT(SUMSQ($E$2:$E$21)) -> 0.17801725 | M4: =F4 / SQRT(SUMSQ($F$2:$F$21)) -> 0.18498792 | O4: =I4 *AHP!$G$2 -> 0.11021735 | P4: =J4 *AHP!$G$3 -> 0.057475543 | Q4: =K4 *AHP!$G$4 -> 0.029493753 | R4: =L4 *AHP!$G$5 -> 0.012065594 | S4: =M4 *AHP!$G$6 -> 0.0064414292 | V4: Gong Suwukan | W4: =SQRT( (O4-$P$24)^2 + (P4-$P$25)^2 + (Q4-$P$26)^2 + (R4-$P$27)^2 + (S4-$P$28)^2 ) -> 0.033005846 | X4: =SQRT( (O4-$Q$24)^2 + (P4-$Q$25)^2 + (Q4-$Q$26)^2 + (R4-$Q$27)^2 + (S4-$Q$28)^2 ) -> 0.032225998 | AA4: =X4/(W4+X4) -> 0.49402249 | AC4: =RANK(AA4,$AA$2:$AA$21) -> 12 | AD4: =AA4 -> 0.49402249 | AE4: =IF(AD4>0.7,"Sangat Baik",IF(AD4>=0.4,"Baik","Terburuk")) -> Baik
A5: Saron | B5: 4 | C5: 4 | D5: 4 | E5: 5 | F5: 4 | I5: =B5 / SQRT(SUMSQ($B$2:$B$21)) -> 0.21919865 | J5: =C5 / SQRT(SUMSQ($C$2:$C$21)) -> 0.22086305 | K5: =D5 / SQRT(SUMSQ($D$2:$D$21)) -> 0.21952852 | L5: =E5 / SQRT(SUMSQ($E$2:$E$21)) -> 0.29669541 | M5: =F5 / SQRT(SUMSQ($F$2:$F$21)) -> 0.24665057 | O5: =I5 *AHP!$G$2 -> 0.11021735 | P5: =J5 *AHP!$G$3 -> 0.057475543 | Q5: =K5 *AHP!$G$4 -> 0.029493753 | R5: =L5 *AHP!$G$5 -> 0.020109323 | S5: =M5 *AHP!$G$6 -> 0.0085885723 | V5: Saron | W5: =SQRT( (O5-$P$24)^2 + (P5-$P$25)^2 + (Q5-$P$26)^2 + (R5-$P$27)^2 + (S5-$P$28)^2 ) -> 0.032225998 | X5: =SQRT( (O5-$Q$24)^2 + (P5-$Q$25)^2 + (Q5-$Q$26)^2 + (R5-$Q$27)^2 + (S5-$Q$28)^2 ) -> 0.033005846 | AA5: =X5/(W5+X5) -> 0.50597751 | AC5: =RANK(AA5,$AA$2:$AA$21) -> 9 | AD5: =AA5 -> 0.50597751 | AE5: =IF(AD5>0.7,"Sangat Baik",IF(AD5>=0.4,"Baik","Terburuk")) -> Baik
A6: Saron Demung | B6: 4 | C6: 4 | D6: 5 | E6: 4 | F6: 3 | I6: =B6 / SQRT(SUMSQ($B$2:$B$21)) -> 0.21919865 | J6: =C6 / SQRT(SUMSQ($C$2:$C$21)) -> 0.22086305 | K6: =D6 / SQRT(SUMSQ($D$2:$D$21)) -> 0.27441065 | L6: =E6 / SQRT(SUMSQ($E$2:$E$21)) -> 0.23735633 | M6: =F6 / SQRT(SUMSQ($F$2:$F$21)) -> 0.18498792 | O6: =I6 *AHP!$G$2 -> 0.11021735 | P6: =J6 *AHP!$G$3 -> 0.057475543 | Q6: =K6 *AHP!$G$4 -> 0.036867192 | R6: =L6 *AHP!$G$5 -> 0.016087458 | S6: =M6 *AHP!$G$6 -> 0.0064414292 | V6: Saron Demung | W6: =SQRT( (O6-$P$24)^2 + (P6-$P$25)^2 + (Q6-$P$26)^2 + (R6-$P$27)^2 + (S6-$P$28)^2 ) -> 0.031408471 | X6: =SQRT( (O6-$Q$24)^2 + (P6-$Q$25)^2 + (Q6-$Q$26)^2 + (R6-$Q$27)^2 + (S6-$Q$28)^2 ) -> 0.034896893 | AA6: =X6/(W6+X6) -> 0.52630572 | AC6: =RANK(AA6,$AA$2:$AA$21) -> 6 | AD6: =AA6 -> 0.52630572 | AE6: =IF(AD6>0.7,"Sangat Baik",IF(AD6>=0.4,"Baik","Terburuk")) -> Baik
A7: Saron Peking | B7: 4 | C7: 4 | D7: 4 | E7: 4 | F7: 4 | I7: =B7 / SQRT(SUMSQ($B$2:$B$21)) -> 0.21919865 | J7: =C7 / SQRT(SUMSQ($C$2:$C$21)) -> 0.22086305 | K7: =D7 / SQRT(SUMSQ($D$2:$D$21)) -> 0.21952852 | L7: =E7 / SQRT(SUMSQ($E$2:$E$21)) -> 0.23735633 | M7: =F7 / SQRT(SUMSQ($F$2:$F$21)) -> 0.24665057 | O7: =I7 *AHP!$G$2 -> 0.11021735 | P7: =J7 *AHP!$G$3 -> 0.057475543 | Q7: =K7 *AHP!$G$4 -> 0.029493753 | R7: =L7 *AHP!$G$5 -> 0.016087458 | S7: =M7 *AHP!$G$6 -> 0.0085885723 | V7: Saron Peking | W7: =SQRT( (O7-$P$24)^2 + (P7-$P$25)^2 + (Q7-$P$26)^2 + (R7-$P$27)^2 + (S7-$P$28)^2 ) -> 0.032475996 | X7: =SQRT( (O7-$Q$24)^2 + (P7-$Q$25)^2 + (Q7-$Q$26)^2 + (R7-$Q$27)^2 + (S7-$Q$28)^2 ) -> 0.032262357 | AA7: =X7/(W7+X7) -> 0.49834998 | AC7: =RANK(AA7,$AA$2:$AA$21) -> 10 | AD7: =AA7 -> 0.49834998 | AE7: =IF(AD7>0.7,"Sangat Baik",IF(AD7>=0.4,"Baik","Terburuk")) -> Baik
A8: Bonang Barung | B8: 4 | C8: 5 | D8: 4 | E8: 4 | F8: 3 | I8: =B8 / SQRT(SUMSQ($B$2:$B$21)) -> 0.21919865 | J8: =C8 / SQRT(SUMSQ($C$2:$C$21)) -> 0.27607882 | K8: =D8 / SQRT(SUMSQ($D$2:$D$21)) -> 0.21952852 | L8: =E8 / SQRT(SUMSQ($E$2:$E$21)) -> 0.23735633 | M8: =F8 / SQRT(SUMSQ($F$2:$F$21)) -> 0.18498792 | O8: =I8 *AHP!$G$2 -> 0.11021735 | P8: =J8 *AHP!$G$3 -> 0.071844428 | Q8: =K8 *AHP!$G$4 -> 0.029493753 | R8: =L8 *AHP!$G$5 -> 0.016087458 | S8: =M8 *AHP!$G$6 -> 0.0064414292 | V8: Bonang Barung | W8: =SQRT( (O8-$P$24)^2 + (P8-$P$25)^2 + (Q8-$P$26)^2 + (R8-$P$27)^2 + (S8-$P$28)^2 ) -> 0.028885893 | X8: =SQRT( (O8-$Q$24)^2 + (P8-$Q$25)^2 + (Q8-$Q$26)^2 + (R8-$Q$27)^2 + (S8-$Q$28)^2 ) -> 0.040915583 | AA8: =X8/(W8+X8) -> 0.58617075 | AC8: =RANK(AA8,$AA$2:$AA$21) -> 4 | AD8: =AA8 -> 0.58617075 | AE8: =IF(AD8>0.7,"Sangat Baik",IF(AD8>=0.4,"Baik","Terburuk")) -> Baik
A9: Bonang Panerus | B9: 4 | C9: 5 | D9: 4 | E9: 3 | F9: 3 | I9: =B9 / SQRT(SUMSQ($B$2:$B$21)) -> 0.21919865 | J9: =C9 / SQRT(SUMSQ($C$2:$C$21)) -> 0.27607882 | K9: =D9 / SQRT(SUMSQ($D$2:$D$21)) -> 0.21952852 | L9: =E9 / SQRT(SUMSQ($E$2:$E$21)) -> 0.17801725 | M9: =F9 / SQRT(SUMSQ($F$2:$F$21)) -> 0.18498792 | O9: =I9 *AHP!$G$2 -> 0.11021735 | P9: =J9 *AHP!$G$3 -> 0.071844428 | Q9: =K9 *AHP!$G$4 -> 0.029493753 | R9: =L9 *AHP!$G$5 -> 0.012065594 | S9: =M9 *AHP!$G$6 -> 0.0064414292 | V9: Bonang Panerus | W9: =SQRT( (O9-$P$24)^2 + (P9-$P$25)^2 + (Q9-$P$26)^2 + (R9-$P$27)^2 + (S9-$P$28)^2 ) -> 0.029713986 | X9: =SQRT( (O9-$Q$24)^2 + (P9-$Q$25)^2 + (Q9-$Q$26)^2 + (R9-$Q$27)^2 + (S9-$Q$28)^2 ) -> 0.040717436 | AA9: =X9/(W9+X9) -> 0.57811463 | AC9: =RANK(AA9,$AA$2:$AA$21) -> 5 | AD9: =AA9 -> 0.57811463 | AE9: =IF(AD9>0.7,"Sangat Baik",IF(AD9>=0.4,"Baik","Terburuk")) -> Baik
A10: Kenong | B10: 4 | C10: 4 | D10: 5 | E10: 4 | F10: 3 | I10: =B10 / SQRT(SUMSQ($B$2:$B$21)) -> 0.21919865 | J10: =C10 / SQRT(SUMSQ($C$2:$C$21)) -> 0.22086305 | K10: =D10 / SQRT(SUMSQ($D$2:$D$21)) -> 0.27441065 | L10: =E10 / SQRT(SUMSQ($E$2:$E$21)) -> 0.23735633 | M10: =F10 / SQRT(SUMSQ($F$2:$F$21)) -> 0.18498792 | O10: =I10 *AHP!$G$2 -> 0.11021735 | P10: =J10 *AHP!$G$3 -> 0.057475543 | Q10: =K10 *AHP!$G$4 -> 0.036867192 | R10: =L10 *AHP!$G$5 -> 0.016087458 | S10: =M10 *AHP!$G$6 -> 0.0064414292 | V10: Kenong | W10: =SQRT( (O10-$P$24)^2 + (P10-$P$25)^2 + (Q10-$P$26)^2 + (R10-$P$27)^2 + (S10-$P$28)^2 ) -> 0.031408471 | X10: =SQRT( (O10-$Q$24)^2 + (P10-$Q$25)^2 + (Q10-$Q$26)^2 + (R10-$Q$27)^2 + (S10-$Q$28)^2 ) -> 0.034896893 | AA10: =X10/(W10+X10) -> 0.52630572 | AC10: =RANK(AA10,$AA$2:$AA$21) -> 6 | AD10: =AA10 -> 0.52630572 | AE10: =IF(AD10>0.7,"Sangat Baik",IF(AD10>=0.4,"Baik","Terburuk")) -> Baik
A11: Kethuk | B11: 3 | C11: 3 | D11: 5 | E11: 5 | F11: 4 | I11: =B11 / SQRT(SUMSQ($B$2:$B$21)) -> 0.16439899 | J11: =C11 / SQRT(SUMSQ($C$2:$C$21)) -> 0.16564729 | K11: =D11 / SQRT(SUMSQ($D$2:$D$21)) -> 0.27441065 | L11: =E11 / SQRT(SUMSQ($E$2:$E$21)) -> 0.29669541 | M11: =F11 / SQRT(SUMSQ($F$2:$F$21)) -> 0.24665057 | O11: =I11 *AHP!$G$2 -> 0.082663016 | P11: =J11 *AHP!$G$3 -> 0.043106657 | Q11: =K11 *AHP!$G$4 -> 0.036867192 | R11: =L11 *AHP!$G$5 -> 0.020109323 | S11: =M11 *AHP!$G$6 -> 0.0085885723 | V11: Kethuk | W11: =SQRT( (O11-$P$24)^2 + (P11-$P$25)^2 + (Q11-$P$26)^2 + (R11-$P$27)^2 + (S11-$P$28)^2 ) -> 0.062299813 | X11: =SQRT( (O11-$Q$24)^2 + (P11-$Q$25)^2 + (Q11-$Q$26)^2 + (R11-$Q$27)^2 + (S11-$Q$28)^2 ) -> 0.016934644 | AA11: =X11/(W11+X11) -> 0.21372828 | AC11: =RANK(AA11,$AA$2:$AA$21) -> 20 | AD11: =AA11 -> 0.21372828 | AE11: =IF(AD11>0.7,"Sangat Baik",IF(AD11>=0.4,"Baik","Terburuk")) -> Terburuk
A12: Kempul | B12: 4 | C12: 4 | D12: 4 | E12: 3 | F12: 3 | I12: =B12 / SQRT(SUMSQ($B$2:$B$21)) -> 0.21919865 | J12: =C12 / SQRT(SUMSQ($C$2:$C$21)) -> 0.22086305 | K12: =D12 / SQRT(SUMSQ($D$2:$D$21)) -> 0.21952852 | L12: =E12 / SQRT(SUMSQ($E$2:$E$21)) -> 0.17801725 | M12: =F12 / SQRT(SUMSQ($F$2:$F$21)) -> 0.18498792 | O12: =I12 *AHP!$G$2 -> 0.11021735 | P12: =J12 *AHP!$G$3 -> 0.057475543 | Q12: =K12 *AHP!$G$4 -> 0.029493753 | R12: =L12 *AHP!$G$5 -> 0.012065594 | S12: =M12 *AHP!$G$6 -> 0.0064414292 | V12: Kempul | W12: =SQRT( (O12-$P$24)^2 + (P12-$P$25)^2 + (Q12-$P$26)^2 + (R12-$P$27)^2 + (S12-$P$28)^2 ) -> 0.033005846 | X12: =SQRT( (O12-$Q$24)^2 + (P12-$Q$25)^2 + (Q12-$Q$26)^2 + (R12-$Q$27)^2 + (S12-$Q$28)^2 ) -> 0.032225998 | AA12: =X12/(W12+X12) -> 0.49402249 | AC12: =RANK(AA12,$AA$2:$AA$21) -> 12 | AD12: =AA12 -> 0.49402249 | AE12: =IF(AD12>0.7,"Sangat Baik",IF(AD12>=0.4,"Baik","Terburuk")) -> Baik
A13: Gender | B13: 5 | C13: 4 | D13: 3 | E13: 3 | F13: 3 | I13: =B13 / SQRT(SUMSQ($B$2:$B$21)) -> 0.27399831 | J13: =C13 / SQRT(SUMSQ($C$2:$C$21)) -> 0.22086305 | K13: =D13 / SQRT(SUMSQ($D$2:$D$21)) -> 0.16464639 | L13: =E13 / SQRT(SUMSQ($E$2:$E$21)) -> 0.17801725 | M13: =F13 / SQRT(SUMSQ($F$2:$F$21)) -> 0.18498792 | O13: =I13 *AHP!$G$2 -> 0.13777169 | P13: =J13 *AHP!$G$3 -> 0.057475543 | Q13: =K13 *AHP!$G$4 -> 0.022120315 | R13: =L13 *AHP!$G$5 -> 0.012065594 | S13: =M13 *AHP!$G$6 -> 0.0064414292 | V13: Gender | W13: =SQRT( (O13-$P$24)^2 + (P13-$P$25)^2 + (Q13-$P$26)^2 + (R13-$P$27)^2 + (S13-$P$28)^2 ) -> 0.022209166 | X13: =SQRT( (O13-$Q$24)^2 + (P13-$Q$25)^2 + (Q13-$Q$26)^2 + (R13-$Q$27)^2 + (S13-$Q$28)^2 ) -> 0.057112801 | AA13: =X13/(W13+X13) -> 0.72001242 | AC13: =RANK(AA13,$AA$2:$AA$21) -> 3 | AD13: =AA13 -> 0.72001242 | AE13: =IF(AD13>0.7,"Sangat Baik",IF(AD13>=0.4,"Baik","Terburuk")) -> Sangat Baik
... A21: Kecrek | B21: 3 | C21: 4 | D21: 5 | E21: 5 | F21: 5 | I21: =B21 / SQRT(SUMSQ($B$2:$B$21)) -> 0.16439899 | J21: =C21 / SQRT(SUMSQ($C$2:$C$21)) -> 0.22086305 | K21: =D21 / SQRT(SUMSQ($D$2:$D$21)) -> 0.27441065 | L21: =E21 / SQRT(SUMSQ($E$2:$E$21)) -> 0.29669541 | M21: =F21 / SQRT(SUMSQ($F$2:$F$21)) -> 0.30831321 | O21: =I21 *AHP!$G$2 -> 0.082663016 | P21: =J21 *AHP!$G$3 -> 0.057475543 | Q21: =K21 *AHP!$G$4 -> 0.036867192 | R21: =L21 *AHP!$G$5 -> 0.020109323 | S21: =M21 *AHP!$G$6 -> 0.010735715 | V21: Kecrek | W21: =SQRT( (O21-$P$24)^2 + (P21-$P$25)^2 + (Q21-$P$26)^2 + (R21-$P$27)^2 + (S21-$P$28)^2 ) -> 0.05731425 | X21: =SQRT( (O21-$Q$24)^2 + (P21-$Q$25)^2 + (Q21-$Q$26)^2 + (R21-$Q$27)^2 + (S21-$Q$28)^2 ) -> 0.022105131 | AA21: =X21/(W21+X21) -> 0.27833422 | AC21: =RANK(AA21,$AA$2:$AA$21) -> 19 | AD21: =AA21 -> 0.27833422 | AE21: =IF(AD21>0.7,"Sangat Baik",IF(AD21>=0.4,"Baik","Terburuk")) -> Terburuk
O22: Solusi Ideal
O23: kriteria | P23: positif | Q23: negatif
O24: C1 | P24: =MAX(O2:O21) -> 0.13777169 | Q24: =MIN(O2:O21) -> 0.082663016
O25: C2 | P25: =MAX(P2:P21) -> 0.071844428 | Q25: =MIN(P2:P21) -> 0.043106657
O26: C3 | P26: =MAX(Q2:Q21) -> 0.036867192 | Q26: =MIN(Q2:Q21) -> 0.022120315
O27: C4 | P27: =MAX(R2:R21) -> 0.020109323 | Q27: =MIN(R2:R21) -> 0.012065594
O28: C5 | P28: =MIN(S2:S21) -> 0.0042942861 | Q28: =MAX(S2:S21) -> 0.010735715

Sheet AHP
A1: Kriteria | B1: C1 | C1: C2 | D1: C3 | E1: C4 | F1: C5 | G1: Bobot | K1: Kode | L1: Kriteria
A2: C1 | B2: 1 | C2: 3 | D2: 5 | E2: 7 | F2: 9 | G2: =AVERAGE(B9:F9) -> 0.5028195 | K2: C1 | L2: Kualitas Suara
A3: C2 | B3: =1/3 -> 0.33333333 | C3: 1 | D3: 3 | E3: 5 | F3: 7 | G3: =AVERAGE(B10:F10) -> 0.26023159 | K3: C2 | L3: Kesesuaian Pertunjukan
A4: C3 | B4: =1/5 -> 0.2 | C4: =1/3 -> 0.33333333 | D4: 1 | E4: 3 | F4: 5 | G4: =AVERAGE(B11:F11) -> 0.13435044 | K4: C3 | L4: Daya Tahan
A5: C4 | B5: =1/7 -> 0.14285714 | C5: =1/5 -> 0.2 | D5: =1/3 -> 0.33333333 | E5: 1 | F5: 3 | G5: =AVERAGE(B12:F12) -> 0.067777667 | K5: C4 | L5: Kemudahan Perawatan
A6: C5 | B6: =1/9 -> 0.11111111 | C6: =1/7 -> 0.14285714 | D6: =1/5 -> 0.2 | E6: =1/3 -> 0.33333333 | F6: 1 | G6: =AVERAGE(B13:F13) -> 0.034820809 | H6: Cek Total Bobot | K6: C5 | L6: Harga
A7: Jumlah | B7: =SUM(B2:B6) -> 1.7873016 | C7: =SUM(C2:C6) -> 4.6761905 | D7: =SUM(D2:D6) -> 9.5333333 | E7: =SUM(E2:E6) -> 16.333333 | F7: =SUM(F2:F6) -> 25 | H7: =SUM(G2:G6) -> 1
A9: Normalisasi | B9: =(B2/$B$7) -> 0.55950266 | C9: =(C2/$C$7) -> 0.64154786 | D9: =(D2/$D$7) -> 0.52447552 | E9: =(E2/$E$7) -> 0.42857143 | F9: =(F2/$F$7) -> 0.36
B10: =(B3/$B$7) -> 0.18650089 | C10: =(C3/$C$7) -> 0.21384929 | D10: =(D3/$D$7) -> 0.31468531 | E10: =(E3/$E$7) -> 0.30612245 | F10: =(F3/$F$7) -> 0.28
B11: =(B4/$B$7) -> 0.11190053 | C11: =(C4/$C$7) -> 0.071283096 | D11: =(D4/$D$7) -> 0.1048951 | E11: =(E4/$E$7) -> 0.18367347 | F11: =(F4/$F$7) -> 0.2
B12: =(B5/$B$7) -> 0.079928952 | C12: =(C5/$C$7) -> 0.042769857 | D12: =(D5/$D$7) -> 0.034965035 | E12: =(E5/$E$7) -> 0.06122449 | F12: =(F5/$F$7) -> 0.12
B13: =(B6/$B$7) -> 0.062166963 | C13: =(C6/$C$7) -> 0.030549898 | D13: =(D6/$D$7) -> 0.020979021 | E13: =(E6/$E$7) -> 0.020408163 | F13: =(F6/$F$7) -> 0.04
